"[#6]~[#7,#8,#16]",4893
"[$([*@](~*)(~*)(*)*),$([*@H](*)(*)*),$([*@](~*)(*)*),$([*@H](~*)~*)]",4800
[!$(*#*)&!D1]-!@[!$(*#*)&!D1],4570
a,4104
[!#6;!R0],3740
"[$([#7X2,OX1,SX1]=*[!H0;!$([a;!n])]),$([#7X3,OX2,SX2;!H0]*=*),$([#7X3,OX2,SX2;!H0]*:n)]",3442
[CX4H2]([#6])[#6],3140
"[$([#6X3H0][#6]),$([#6X3H])](=[!#6])[!#6]",3099
"*=*[*]=,#,:[*]",2992
[CX4H3][#6],2954
[R;$(*(@*)(@*)@*);!$([R2;$(*(@*)(@*)(@*)@*)])]@[R;$(*(@*)(@*)@*);!$([R2;$(*(@*)(@*)(@*)@*)])],2877
[a;!c],2261
"[#6X3](=[OX1])[#6X3]=,:[#6X3][#6;!$(C=[O,N,S])]",2049
"[$([#7X2,OX1,SX1]=,:**=,:*[!H0;!$([a;!n])]),$([#7X3,OX2,SX2;!H0]*=**=*),$([#7X3,OX2,SX2;!H0]*=,:**:n)]",2031
[CX4H1]([#6])([#6])[#6],1670
"[OX2](c)[CX4;!$(C([OX2])[O,S,#7,#15,F,Cl,Br,I])]",1428
"[NX3+0,NX4+;!$([N]~[!#6]);!$([N]*~[#7,#8,#15,#16])]",1322
"[OX2H][CX4;!$(C([OX2H])[O,S,#7,#15])]",1174
"[nX2,nX3+]",1037
"[CX3R0;$([H0][#6]),$([H1])](=[NX2;$([H1]),$([H0][#6;!$(C=[O,N,S])])])[$([OX2H]),$([OX1-])]",1030
[c]=[OX1],985
"[$([CX4;!$([H0]);!$(C[!#6;!$([P,S]=O);!$(N(~O)~O)])][$([CX3]=[O,N,S]),$(C#[N]),$([S,P]=[OX1]),$([NX3]=O),$([NX3+](=O)[O-]);!$(*[S,O,N;H1,H2]);!$([*+0][S,O;X1-])]),$([CX4;!$([H0])]1[CX3]=[CX3][CX3]=[CX3]1)]",968
"[#6X3](=[OX1])[#6X3]=,:[#6X3][#7,#8,#16,F,Cl,Br,I]",938
[OX2H][c],929
"[CX3;$([H2]),$([H1][#6]),$(C([#6])[#6])]=[CX3;$([H2]),$([H1][#6]),$(C([#6])[#6])]",916
"[CX3;$([R0][#6]),$([H1R0])](=[OX1])[$([OX2H]),$([OX1-])]",913
"[#6][#6X3R](=[OX1])[#8X2][#6;!$(C=[O,N,S])]",898
"[OX2H][CX4H;!$(C([OX2H])[O,S,#7,#15])]",880
[o],805
[#6][CX3](=[OX1])[#6],675
"[NX3H0+0,NX4H1+;!$([N][!C]);!$([N]*~[#7,#8,#15,#16])]",638
"[CX3]=[CX3][$([CX3]=[O,N,S]),$(C#[N]),$([S,P]=[OX1]),$([NX3]=O),$([NX3+](=O)[O-])]",637
[nX3H0+0],619
"[#6R][#6X3R](=[OX1])[#7X3;$([H1][#6;!$(C=[O,N,S])]),$([H0]([#6;!$(C=[O,N,S])])[#6;!$(C=[O,N,S])])]",611
[!#6][#6X3](=[!#6])[!#6],611
[nX3H1+0],604
[CX4]([#6])([#6])([#6])[#6],587
"[CX3;$([R0][#6]),$([H1R0])](=[OX1])[#7X3;$([H2]),$([H1][#6;!$(C=[O,N,S])]),$([#7]([#6;!$(C=[O,N,S])])[#6;!$(C=[O,N,S])])]",584
"[CX3;$([R0][#6]),$([H1R0])](=[OX1])[OX2][#6;!$(C=[O,N,S])]",542
"[CX3;$([R0][#6]),$([H1R0])](=[OX1])[#7X3H0]([#6;!$(C=[O,N,S])])[#6;!$(C=[O,N,S])]",479
"[#6R][#6X3R](=,:[#7X2;$([H1]),$([H0][#6;!$(C=[O,N,S])])])[$([OX2H]),$([OX1-])]",442
[Cl][c],423
"[OX2H][CX4H2;!$(C([OX2H])[O,S,#7,#15])]",415
"[OX2]([CX4;!$(C([OX2])[O,S,#7,#15,F,Cl,Br,I])])[CX4;!$(C([OX2])[O,S,#7,#15])]",403
"[NX3v3,SX2,OX2;!$(*C=[#7,#8,#15,#16])][CX4;!$(C([N,S,O])([N,S,O])[!#6])][FX1,ClX1,BrX1,IX1,NX3v3,SX2,OX2;!$(*C=[#7,#8,#15,#16])]",378
"[#6X3](=[OX1])[#6X3]=,:[#6X3][$([OX2H]),$([OX1-])]",345
[R;$(*(@*)(@*)@*);!$([D4R;$(*(@*)(@*)(@*)@*)]);!$([R;$(*(@*)(@*)@*);!$([R2;$(*(@*)(@*)(@*)@*)])]@[R;$(*(@*)(@*)@*);!$([R2;$(*(@*)(@*)(@*)@*)])])],324
"[OX2H][CX4;!$(C([OX2H])[O,S,#7,#15])][CX4;!$(C([OX2H])[O,S,#7,#15])][OX2H]",319
"[OX2;$([r5]1@C@C@C(O)@C1),$([r6]1@C@C@C(O)@C(O)@C1)]",319
"[OX2]([#6;!$(C=[O,S,N])])[CX4;!$(C(O)(O)[!#6])][OX2][#6;!$(C=[O,S,N])]",305
"[OX2H][CX4D4;!$(C([OX2H])[O,S,#7,#15])]",274
"[NX3H2+0,NX4H3+;!$([N][!C]);!$([N]*~[#7,#8,#15,#16])]",268
"[NX3H1+0,NX4H2+;!$([N][!C]);!$([N]*~[#7,#8,#15,#16])]",249
"[OX2;$([r5]1@C(!@[OX2,NX3,SX2,FX1,ClX1,BrX1,IX1])@C@C@C1),$([r6]1@C(!@[OX2,NX3,SX2,FX1,ClX1,BrX1,IX1])@C@C@C@C1)]",226
"[#6X3](=[OX1])[#6X3]=,:[#6X3][#7X3;$([H2]),$([H1][#6;!$(C=[O,N,S])]),$([#7]([#6;!$(C=[O,N,S])])[#6;!$(C=[O,N,S])])]",195
[D4R;$(*(@*)(@*)(@*)@*)],182
"[OX2;$([r5]1@C(!@[OX2,NX3,SX2,FX1,ClX1,BrX1,IX1])@C@C(O)@C1),$([r6]1@C(!@[OX2,NX3,SX2,FX1,ClX1,BrX1,IX1])@C@C(O)@C(O)@C1)]",182
"[#6][#6X3R;$([H0](=[NX2;!$(N(=[#6X3][#7X3])C=[O,S])])[#7X3;!$(N([#6X3]=[#7X2])C=[O,S])]),$([H0](-[NX3;!$(N([#6X3]=[#7X2])C=[O,S])])=,:[#7X2;!$(N(=[#6X3][#7X3])C=[O,S])])]",177
"[#7X2;!$([#7][!#6])]=,:[#6X3]([#8X2&!$([#8][!#6]),OX1-])[#7X3;!$([#7][!#6])]",176
"[NX3H2+0,NX4H3+]c",169
"[SX4;$([H1]),$([H0][#6])](=[!#6])(=[!#6])[!#6]",165
[F][c],163
"[OX2H][CX4;!$(C([OX2H])[O,S,#7,#15,F,Cl,Br,I])][CX4;!$(C([N])[O,S,#7,#15])][NX3;!$(NC=[O,S,N])]",149
[sX2],142
"[c]=[NX2;$([H1]),$([H0][#6;!$([C]=[N,S,O])])]",134
[OX2H][c][c][OX2H],120
"[SX4;$([H1]),$([H0][#6])](=[OX1])(=[OX1])[#7X3;$([H2]),$([H1][#6;!$(C=[O,N,S])]),$([#7]([#6;!$(C=[O,N,S])])[#6;!$(C=[O,N,S])])]",117
"[NX3v3,SX2,OX2;$(**=[#7,#8,#15,#16])][CX4;!$(C([N,S,O])([N,S,O])[!#6])][FX1,ClX1,BrX1,IX1,NX3v3,SX2,OX2;!$(*C=[#7,#8,#15,#16])]",116
"[NX3v3,SX2,OX2;$(**=[#7,#8,#15,#16])][CX4;!$(C([N,S,O])([N,S,O])[!#6])][NX3v3,SX2,OX2;!$(*C=[#7,#8,#15,#16])]",114
[#7X3;!$([#7][!#6])][#6X3](=[OX1])[#7X3;!$([#7][!#6])],114
"[NX3H0+0,NX4H1+;$([N]([c])([C])[#6]);!$([N]*~[#7,#8,#15,#16])]",113
[FX1][CX4],107
"[SX2]([CX4;!$(C([OX2])[O,S,#7,#15,F,Cl,Br,I])])[CX4;!$(C([OX2])[O,S,#7,#15])]",107
"[CX3;$([R0][#6]),$([H1R0])](=[OX1])[#7X3H1][#6;!$(C=[O,N,S])]",106
"[OX2]([#6;!$(C=[N,O,S])])[CX3;$([H0][#6]),$([H1])]=[CX3]",102
[PX4D4](=[!#6])([!#6])([!#6])[!#6],99
[!+0],90
"[+1,+2,+3,+4,+5,+6,+7]",86
"[NX3,NX4+;!$([N]~[!#6]);!$([N]*~[#7,#8,#15,#16])][C][CX3](=[OX1])[OX2H,OX1-]",75
"[$([NX3](=O)=O),$([NX3+](=O)[O-])][!#8]",75
"[FX1][CX4;!$([H0][Cl,Br,I]);!$([F][C]([F])([F])[F])]([FX1])([FX1])",74
"[N;v3X3,v4X4+][CX3](=[N;v3X2,v4X3+])[N;v3X3,v4X4+]",71
[NX1]#[CX2],70
"[OX2H][CX3;$([H1]),$(C[#6])]=[CX3]",68
"[SX2]([CX4;!$(C([SX2])[O,S,#7,#15,F,Cl,Br,I])])[CX4;!$(C([SX2])[O,S,#7,#15])]",65
[OX2r3]1[#6r3][#6r3]1,65
[CX2]#[CX2],64
[ClX1][CX4],64
[c][OX2][c],58
"[NX3H0+0,NX4H1+;!$([N][!c]);!$([N]*~[#7,#8,#15,#16])]",58
"[#6R][#6X3R](=,:[#7X2;$([H1]),$([H0][#6;!$(C=[O,N,S])])])[OX2][#6;!$(C=[O,N,S])]",57
"*#*[*]=,#,:[*]",52
"[NX3;$([N][CX3](=[OX1])[C][NX3,NX4+])][C][CX3](=[OX1])[NX3;$([N][C][CX3](=[OX1])[NX3,OX2,OX1-])]",51
"[N+;!$([N]~[!#6]);!$(N=*);!$([N]*~[#7,#8,#15,#16])]",47
"[NX2;$([N][#6]),$([NH]);!$([N][CX3]=[#7,#8,#15,#16])]=[CX3;$([CH2]),$([CH][#6]),$([C]([#6])[#6])]",47
[Br][c],47
"[#7X2;!$([#7][!#6])]=,:[#6X3]([#16X2&!$([#16][!#6]),SX1-])[#7X3;!$([#7][!#6])]",43
"[-1,-2,-3,-4,-5,-6,-7]",42
"[OX2;$([r5]1@C(!@[OX2H1])@C@C@C1),$([r6]1@C(!@[OX2H1])@C@C@C@C1)]",40
"[SX2](c)[CX4;!$(C([OX2])[O,S,#7,#15,F,Cl,Br,I])]",39
"[SX2](c)[CX4;!$(C([SX2])[O,S,#7,#15])]",39
[c][SX2][c],38
"[NX4H0+;!$([N][!C]);!$([N]*~[#7,#8,#15,#16])]",36
"[$([CX3H][#6]),$([CX3H2])]=[OX1]",36
"[NX3;!$(NC=[O,S])][CX3;$([CH]),$([C][#6])]=[NX2;!$(NC=[O,S])]",36
"[OX2H][CX4;!$(C(O)(O)[!#6])][OX2][#6;!$(C=[O,S,N])]",35
"[NX3H1+0,NX4H2+;$([N]([c])[C]);!$([N]*~[#7,#8,#15,#16])]",33
"[NX3;$([NH2][CX3]),$([NH1]([CX3])[#6]),$([N]([CX3])([#6])[#6]);!$([N]*=[#7,#8,#15,#16])][CX3;$([CH]),$([C][#6])]=[CX3]",33
[#7X3][#6](=[OX1])[#8X2][#6],32
"[#6X3;$([H0][#6]),$([H1])](=[OX1])[#7X3H0]([#6])[#6X3;$([H0][#6]),$([H1])](=[OX1])",31
[I][c],31
"[PX4D4](=[OX1])([$([OX2H]),$([OX1-])])([$([OX2H]),$([OX1-])])[OX2][#6;!$(C=[O,N,S])]",30
"[$([#7+][OX1-]),$([#7v5]=[OX1]);!$([#7](~[O])~[O]);!$([#7]=[#7])]",29
"[$([SX4](=[OX1])(=[OX1])([#6])[#6]),$([SX4+2]([OX1-])([OX1-])([#6])[#6])]",29
"[CX4;!$([H0]);!$(C[!#6;!$([P,S]=O);!$(N(~O)~O)])]([$([CX3]=[O,N,S]),$(C#[N]),$([S,P]=[OX1]),$([NX3]=O),$([NX3+](=O)[O-]);!$(*[S,O,N;H1,H2]);!$([*+0][S,O;X1-])])[$([CX3]=[O,N,S]),$(C#[N]),$([S,P]=[OX1]),$([NX3]=O),$([NX3+](=O)[O-]);!$(*[S,O,N;H1,H2]);!$([*+0][S,O;X1-])]",27
"[PX4D4](=[OX1])([$([OX2H]),$([OX1-])])([OX2][#6;!$(C=[O,N,S])])[OX2][#6;!$(C=[O,N,S])]",26
"[#6R][#6X3R](=,:[#7X2;$([H1]),$([H0][#6;!$(C=[O,N,S])])])[FX1,ClX1,BrX1,IX1]",25
"[SX2;$([H1]),$([H0][#6])][!#6]",25
"[NX2](=[CX3;$([CH2]),$([CH][#6]),$([C]([#6])[#6])])[OX2][#6;!$(C=[#7,#8])]",24
"[$([SX3](=[OX1])([#6])[#6]),$([SX3+]([OX1-])([#6])[#6])]",24
"[NX3H1+0,NX4H2+;!$([N][!c]);!$([N]*~[#7,#8,#15,#16])]",21
"[SX4;$([H1]),$([H0][#6])](=[OX1])(=[OX1])[$([OX2H]),$([OX1-])]",21
"[$(*=O),$([#16,#14,#5]),$([#7]([#6]=[OX1]))][#8X2][$(*=O),$([#16,#14,#5]),$([#7]([#6]=[OX1]))]",21
"[#6X3](=[OX1])[#6X3]=,:[#6X3][FX1,ClX1,BrX1,IX1]",20
[ClX1][CX3]=[CX3],19
"[NX3;$([N][CX3](=[OX1])[C][NX3,NX4+])][C][CX3](=[OX1])[OX2H,OX1-]",19
[SX4D4](=[!#6])(=[!#6])([!#6])[!#6],19
"[CX3;$([R0][#6]),$([H1R0])](=[OX1])[SX2][#6;!$(C=[O,N,S])]",18
"[#6R][#6X3R](=,:[#7X2;$([H1]),$([H0][#6;!$(C=[O,N,S])])])[SX2][#6;!$(C=[O,N,S])]",16
"[NX3;$([H2]),$([H1][#6]),$([H0]([#6])[#6]);!$(NC=[O,N,S])][NX2]=[#6]",15
"[PX4D4](=[OX1])([OX2][#6;!$(C=[O,N,S])])([OX2][#6;!$(C=[O,N,S])])[OX2][#6;!$(C=[O,N,S])]",13
[SX2D2][SX2D2],11
"[NX3,NX4+;!$([N]~[!#6]);!$([N]*~[#7,#8,#15,#16])][C][CX3](=[OX1])[NX3;$([N][C][CX3](=[OX1])[NX3,OX2,OX1-])]",11
"[NX3v3;!$(NC=[#7,#8,#15,#16])]([#6])[CX4;!$(C(N)(N)[!#6])][NX3v3;!$(NC=[#7,#8,#15,#16])][#6]",10
"[NX3v3,SX2,OX2;!$(*C=[#7,#8,#15,#16])][CX4;!$(C([N,S,O])([N,S,O])[!#6])][FX1,ClX1,BrX1,IX1]",10
"[#7X3v3;!$(N([#6X3]=[#7X2])C=[O,S])][CX3R0;$([H1]),$([H0][#6])]=[NX2v3;!$(N(=[#6X3][#7X3])C=[O,S])]",10
"[CX3;$([H0][#6]),$([H1])](=[OX1])[#7X3;$([H1]),$([H0][#6;!$(C=[O,N,S])])][$([OX2H]),$([OX1-])]",9
[CX1-]#[NX2+],9
[SX2H][c],9
"[#6;!$(C=[O,N,S])][#8X2][#6X3](=[OX1])[#8X2][#6;!$(C=[O,N,S])]",8
"[SX2]([#6;!$(C=[N,O,S])])[CX3;$(C[#6]),$([CH])]=[CX3]",7
[NX2]=[CX2]=[SX1],7
"[SX2H][CX4;!$(C([SX2H])~[O,S,#7,#15])]",6
"[CX3;$([R0][#6]),$([H1R0])](=[OX1])[NX3H2]",6
[OX2D2][OX2D2],5
"[NX3v3;!$(NC=[#7,#8,#15,#16])]([#6])[CX4;!$(C(N)(N)[!#6])][OX2H]",5
"[OX2H][C][CX3](=[OX1])[OX2H,OX1-]",5
"[NX3;$([H2]),$([H1][#6]),$([H0]([#6])[#6]);!$(NC=[O,N,S])][NX3;$([H2]),$([H1][#6]),$([H0]([#6])[#6]);!$(NC=[O,N,S])]",5
"[NX2](=[CX3;$([CH2]),$([CH][#6]),$([C]([#6])[#6])])[OX2H]",4
"[#6R][#6X3R](=,:[#7X2;$([H1]),$([H0][#6;!$(C=[O,N,S])])])[$([SX2H]),$([SX1-])]",4
"[SX4](=[OX1])(=[OX1])([#7X3;$([H2]),$([H1][#6;!$(C=[O,N,S])]),$([#7]([#6;!$(C=[O,N,S])])[#6;!$(C=[O,N,S])])])[#7X3;$([H2]),$([H1][#6;!$(C=[O,N,S])]),$([#7]([#6;!$(C=[O,N,S])])[#6;!$(C=[O,N,S])])]",4
"[PX4;$([H3]=[OX1]),$([H2](=[OX1])[#6]),$([H1](=[OX1])([#6])[#6]),$([H0](=[OX1])([#6])([#6])[#6])]",4
[BrX1][CX3]=[CX3],3
"[SX4](=[OX1])(=[OX1])([$([OX2H]),$([OX1-])])[OX2][#6;!$(C=[O,N,S])]",3
"[SX4;$([H1]),$([H0][#6])](=[OX1])(=[OX1])[OX2][#6;!$(C=[O,N,S])]",3
"[PX4;$([H1]),$([H0][#6])](=[!#6])([!#6])[!#6]",3
[BrX1][CX4],2
"[NX3+;!$([N][!#6]);!$([N][CX3]=[#7,#8,#15,#16])]",2
"[NX3v3,SX2,OX2;$(**=[#7,#8,#15,#16])][CX4;!$(C([N,S,O])([N,S,O])[!#6])][FX1,ClX1,BrX1,IX1]",2
"[CX3R0;$([H0][#6]),$([H1])](=[NX2;$([H1]),$([H0][#6;!$(C=[O,N,S])])])[$([SX2H]),$([SX1-])]",2
"[$([$([#6X3][#6]),$([#6X3H])](=[#7X2v3])[#7X3v3][#7X3v3]),$([$([#6X3][#6]),$([#6X3H])]([#7X3v3])=[#7X2v3][#7X3v3])]",2
"[#7X2,#8X3,#16X2;$(*[#6,#14])][#6X3]([#7X2,#8X3,#16X2;$(*[#6,#14])])=[#6X3]",2
[#7X3;!$([#7][!#6])][#6X3](=[SX1])[#7X3;!$([#7][!#6])],2
"[NX1]~[NX2]~[NX2,NX1]",2
"[NX3;$([H2]),$([H1][#6]),$([H0]([#6])[#6]);!$(NC=[O,N,S])][OX2;$([H1]),$(O[#6;!$(C=[N,O,S])])]",2
"[PX4D4](=[OX1])([OX2][#6;!$(C=[O,N,S])])([#7X3;$([H2]),$([H1][#6;!$(C=[O,N,S])]),$([#7]([#6;!$(C=[O,N,S])])[#6;!$(C=[O,N,S])])])[#7X3;$([H2]),$([H1][#6;!$(C=[O,N,S])]),$([#7]([#6;!$(C=[O,N,S])])[#6;!$(C=[O,N,S])])]",2
"[FX1,ClX1,BrX1,IX1][!#6]",2
[IX1][CX4],1
"[O+;!$([O]~[!#6]);!$([S]*~[#7,#8,#15,#16])]",1
"[NX4H0+;$([N]([c])([C])[#6][#6]);!$([N]*~[#7,#8,#15,#16])]",1
[OX2H][OX2],1
"[SX2]([#6;!$(C=[O,S,N])])[CX4;!$(C(S)(S)[!#6])][SX2][#6;!$(C=[O,S,N])]",1
"[OX2H][CX3;$([H1]),$(C[#6])]=[CX3;$([H1]),$(C[#6])][OX2H]",1
"[OX2]([CX3]=[OX1])[#6X3;$([#6][#6]),$([H1])]=[#6X3;!$(C[OX2H])]",1
"[CX3;$([H0][#6]),$([H1])](=[OX1])[#8X2][CX3;$([H0][#6]),$([H1])](=[OX1])",1
"[#6][#6X3R](=[OX1])[#16X2][#6;!$(C=[O,N,S])]",1
"[#6X3;$([H0][#6]),$([H1])](=[OX1])[#7X3H0]([!#6])[#6X3;$([H0][#6]),$([H1])](=[OX1])",1
"[#6X3;$([H0][#6]),$([H1])](=[OX1])[#8X2][#7X2]=,:[#6X3;$([H0]([#6])[#6]),$([H1][#6]),$([H2])]",1
"[CX3;$([H0][#6]),$([H1])](=[OX1])[#7X3;$([H1]),$([H0][#6;!$(C=[O,N,S])])][OX2][#6;!$(C=[O,N,S])]",1
[NX2]=[CX2]=[OX1],1
[c]=[SX1],1
"[$([NX3](=[OX1])(=[OX1])[O;$([X2]),$([X1-])]),$([NX3+]([OX1-])(=[OX1])[O;$([X2]),$([X1-])])]",1
[NX2](=[OX1])[!#7;!#8],1
[NX2](=[OX1])N-*=O,1
"[S+;!$([S]~[!#6]);!$([S]*~[#7,#8,#15,#16])]",1
"[SX4](=[OX1])(=[OX1])([#7X3;$([H2]),$([H1][#6;!$(C=[O,N,S])]),$([#7]([#6;!$(C=[O,N,S])])[#6;!$(C=[O,N,S])])])[$([OX2H]),$([OX1-])]",1
"[SX4](=[OX1])(=[OX1])([#7X3][#6;!$(C=[O,N,S])])[OX2][#6;!$(C=[O,N,S])]",1
"[SX4;$([H1]),$([H0][#6])](=[OX1])(=[OX1])[FX1,ClX1,BrX1,IX1]",1
"[SX2;$([H1]),$([H0][#6])][#7X3;$([H2]),$([H1][#6;!$(C=[O,N,S])]),$([#7]([#6;!$(C=[O,N,S])])[#6;!$(C=[O,N,S])])]",1
"[PX4;$([H1]),$([H0][#6])](=[OX1])([$([OX2H]),$([OX1-])])[$([OX2H]),$([OX1-])]",1
"[PX4;$([H1]),$([H0][#6])](=[OX1])([OX2][#6;!$(C=[O,N,S])])[OX2][#6;!$(C=[O,N,S])]",1
"[PX4D4](=[OX1])([OX2][#6;!$(C=[O,N,S])])([OX2][#6;!$(C=[O,N,S])])[#7X3;$([H2]),$([H1][#6;!$(C=[O,N,S])]),$([#7]([#6;!$(C=[O,N,S])])[#6;!$(C=[O,N,S])])]",1
"[PX4;$([H2]),$([H1][#6]),$([H0]([#6])[#6])](=[OX1])[OX2][#6;!$(C=[O,N,S])]",1
"[PX4;$([H2]),$([H1][#6]),$([H0]([#6])[#6])](=[!#6])[!#6]",1
[SiX4]([#6])([#6])([#6])[#6],1
[SiX4]([!#6])([#6])([#6])[#6],1
[CX3]=[CX2]=[CX3],0
"[NX4H0+;!$([N][!c]);!$([N]*~[#7,#8,#15,#16])]",0
"[OX2H][CX4;!$(C([OX2H])([OX2H])[O,S,#7,#15])][OX2H]",0
"[LiX1][#6,#14]",0
"[MgX2][#6,#14]",0
[!#1;!#5;!#6;!#7;!#8;!#9;!#14;!#15;!#16;!#17;!#33;!#34;!#35;!#52;!#53;!#85]~[#6;!-],0
"[$([CX3H][#6]),$([CX3H2])]=[SX1]",0
[#6][CX3](=[SX1])[#6],0
"[SX2]([#6;!$(C=[O,S,N])])[CX4;!$(C(S)(S)[!#6])][OX2H]",0
"[NX1]#[CX2][CX4;$([CH2]),$([CH]([CX2])[#6]),$(C([CX2])([#6])[#6])][OX2H]",0
[FX1][CX3]=[CX3],0
[IX1][CX3]=[CX3],0
"[SX2H][CX3;$([H1]),$(C[#6])]=[CX3]",0
"[CX3;$([R0][#6]),$([H1R0])](=[OX1])[ClX1]",0
"[CX3;$([R0][#6]),$([H1R0])](=[OX1])[FX1]",0
"[CX3;$([R0][#6]),$([H1R0])](=[OX1])[BrX1]",0
"[CX3;$([R0][#6]),$([H1R0])](=[OX1])[IX1]",0
"[CX3;$([R0][#6]),$([H1R0])](=[OX1])[FX1,ClX1,BrX1,IX1]",0
"[CX3;!R;$([C][#6]),$([CH]);$([C](=[OX1])[$([SX2H]),$([SX1-])]),$([C](=[SX1])[$([OX2H]),$([OX1-])])]",0
"[CX3;$([H0][#6]),$([H1])](=[SX1])[OX2][#6;!$(C=[O,N,S])]",0
"[#6][#6X3R](=[SX1])[#8X2][#6;!$(C=[O,N,S])]",0
"[CX3;$([H0][#6]),$([H1])](=[SX1])[FX1,ClX1,BrX1,IX1]",0
"[CX3;!R;$([C][#6]),$([CH]);$([C](=[SX1])[SX2H])]",0
"[CX3;!R;$([C][#6]),$([CH]);$([C](=[SX1])[SX2][#6;!$(C=[O,N,S])])]",0
"[#6][#6X3R](=[SX1])[#16X2][#6;!$(C=[O,N,S])]",0
"[#6X3;$([H0][#6]),$([H1])](=[OX1])[#7X3H1][#6X3;$([H0][#6]),$([H1])](=[OX1])",0
"[$([CX3;!R][#6]),$([CX3H;!R])](=[SX1])[#7X3;$([H2]),$([H1][#6;!$(C=[O,N,S])]),$([#7]([#6;!$(C=[O,N,S])])[#6;!$(C=[O,N,S])])]",0
"[#6R][#6X3R](=[SX1])[#7X3;$([H1][#6;!$(C=[O,N,S])]),$([H0]([#6;!$(C=[O,N,S])])[#6;!$(C=[O,N,S])])]",0
"[CX3R0;$([H0][#6]),$([H1])](=[NX2;$([H1]),$([H0][#6;!$(C=[O,N,S])])])[OX2][#6;!$(C=[O,N,S])]",0
"[CX3R0;$([H0][#6]),$([H1])](=[NX2;$([H1]),$([H0][#6;!$(C=[O,N,S])])])[SX2][#6;!$(C=[O,N,S])]",0
"[CX3R0;$([H0][#6]),$([H1])](=[NX2;$([H1]),$([H0][#6;!$(C=[O,N,S])])])[FX1,ClX1,BrX1,IX1]",0
"[#6][OX2][CX4;$(C[#6]),$([CH])]([OX2][#6])[OX2][#6]",0
[CX3]=[CX2]=[OX1],0
"[#6;!$(C=[O,N,S])][OX2;!R][CX3](=[OX1])[OX2][FX1,ClX1,BrX1,IX1]",0
"[#6;!$(C=[O,N,S])][OX2;!R][CX3](=[OX1])[$([OX2H]),$([OX1-])]",0
"[#6;!$(C=[O,N,S])][#8X2][#6X3](=[SX1])[#8X2][#6;!$(C=[O,N,S])]",0
"[#6;!$(C=[O,N,S])][OX2;!R][CX3](=[SX1])[OX2][FX1,ClX1,BrX1,IX1]",0
"[#6;!$(C=[O,N,S])][OX2;!R][CX3](=[SX1])[$([OX2H]),$([OX1-])]",0
"[NX3]C(=[OX1])[O;X2H,X1-]",0
[#7X3][#6](=[OX1])[#7X3][#6](=[OX1])[#7X3],0
[#7X3][#7X3][#6X3]([#7X3;!$([#7][#7])])=[OX1],0
[#7X3][#7X3][#6X3]([#7X3][#7X3])=[OX1],0
[#7X2](=[#6])[#7X3][#6X3]([#7X3;!$([#7][#7])])=[OX1],0
[#7X2](=[#6])[#7X3][#6X3]([#7X3][#7X3])=[OX1],0
[#7X3][#7X3][#6X3]([#7X3;!$([#7][#7])])=[SX1],0
[#7X3][#7X3][#6X3]([#7X3][#7X3])=[SX1],0
[#7X2](=[#6])[#7X3][#6X3]([#7X3;!$([#7][#7])])=[SX1],0
[#7X2](=[#6])[#7X3][#6X3]([#7X3][#7X3])=[SX1],0
[OX2][CX2]#[NX1],0
[SX2][CX2]#[NX1],0
[NX2]=[CX2]=[NX2],0
"[CX4H0]([O,S,#7])([O,S,#7])([O,S,#7])[O,S,#7,F,Cl,Br,I]",0
"[NX2](=[OX1])[O;$([X2]),$([X1-])]",0
[SX2][NX2]=[OX1],0
[CX3](=[OX1])[NX2]~[NX2]~[NX1],0
"[$([#6]=[NX2+]=[NX1-]),$([#6-]-[NX2+]#[NX1])]",0
[#6][NX2+]#[NX1],0
[#7;!$(N*=O)][NX2]=[OX1],0
"[SX4](=[OX1])(=[OX1])([$([OX2H]),$([OX1-])])[$([OX2H]),$([OX1-])]",0
"[SX4](=[OX1])(=[OX1])([OX2][#6;!$(C=[O,N,S])])[OX2][#6;!$(C=[O,N,S])]",0
"[SX3;$([H1]),$([H0][#6])](=[OX1])[$([OX2H]),$([OX1-])]",0
"[SX3;$([H1]),$([H0][#6])](=[OX1])[#7X3;$([H2]),$([H1][#6;!$(C=[O,N,S])]),$([#7]([#6;!$(C=[O,N,S])])[#6;!$(C=[O,N,S])])]",0
"[SX3;$([H1]),$([H0][#6])](=[OX1])[OX2][#6;!$(C=[O,N,S])]",0
"[SX3;$([H1]),$([H0][#6])](=[OX1])[FX1,ClX1,BrX1,IX1]",0
"[SX3;$([H1]),$([H0][#6])](=[!#6])[!#6]",0
"[SX2;$([H1]),$([H0][#6])][$([OX2H]),$([OX1-])]",0
"[SX2;$([H1]),$([H0][#6])][OX2][#6;!$(C=[O,N,S])]",0
"[SX2;$([H1]),$([H0][#6])][FX1,ClX1,BrX1,IX1]",0
"[PX3;$([H3]),$([H2][#6]),$([H1]([#6])[#6]),$([H0]([#6])([#6])[#6])]",0
"[P+;!$([P]~[!#6]);!$([P]*~[#7,#8,#15,#16])]",0
"[PX4;$([H3]=[CX3]),$([H2](=[CX3])[#6]),$([H1](=[CX3])([#6])[#6]),$([H0](=[CX3])([#6])([#6])[#6])]",0
"[PX4;$([H1]),$([H0][#6])](=[OX1])([$([OX2H]),$([OX1-])])[OX2][#6;!$(C=[O,N,S])]",0
"[PX4;$([H1]),$([H0][#6])](=[OX1])([$([OX2H]),$([OX1-])])[#7X3;$([H2]),$([H1][#6;!$(C=[O,N,S])]),$([#7]([#6;!$(C=[O,N,S])])[#6;!$(C=[O,N,S])])]",0
"[PX4;$([H1]),$([H0][#6])](=[OX1])([#7X3;$([H2]),$([H1][#6;!$(C=[O,N,S])]),$([#7]([#6;!$(C=[O,N,S])])[#6;!$(C=[O,N,S])])])[#7X3;$([H2]),$([H1][#6;!$(C=[O,N,S])]),$([#7]([#6;!$(C=[O,N,S])])[#6;!$(C=[O,N,S])])]",0
"[PX4;$([H1]),$([H0][#6])](=[OX1])([OX2][#6;!$(C=[O,N,S])])[#7X3;$([H2]),$([H1][#6;!$(C=[O,N,S])]),$([#7]([#6;!$(C=[O,N,S])])[#6;!$(C=[O,N,S])])]",0
"[PX4D4](=[OX1])([$([OX2H]),$([OX1-])])([$([OX2H]),$([OX1-])])[$([OX2H]),$([OX1-])]",0
"[PX4D4](=[OX1])([$([OX2H]),$([OX1-])])([$([OX2H]),$([OX1-])])[#7X3;$([H2]),$([H1][#6;!$(C=[O,N,S])]),$([#7]([#6;!$(C=[O,N,S])])[#6;!$(C=[O,N,S])])]",0
"[PX4D4](=[OX1])([$([OX2H]),$([OX1-])])([#7X3;$([H2]),$([H1][#6;!$(C=[O,N,S])]),$([#7]([#6;!$(C=[O,N,S])])[#6;!$(C=[O,N,S])])])[#7X3;$([H2]),$([H1][#6;!$(C=[O,N,S])]),$([#7]([#6;!$(C=[O,N,S])])[#6;!$(C=[O,N,S])])]",0
"[PX4D4](=[OX1])([#7X3;$([H2]),$([H1][#6;!$(C=[O,N,S])]),$([#7]([#6;!$(C=[O,N,S])])[#6;!$(C=[O,N,S])])])([#7X3;$([H2]),$([H1][#6;!$(C=[O,N,S])]),$([#7]([#6;!$(C=[O,N,S])])[#6;!$(C=[O,N,S])])])[#7X3;$([H2]),$([H1][#6;!$(C=[O,N,S])]),$([#7]([#6;!$(C=[O,N,S])])[#6;!$(C=[O,N,S])])]",0
"[PX4D4](=[OX1])([$([OX2H]),$([OX1-])])([OX2][#6;!$(C=[O,N,S])])[#7X3;$([H2]),$([H1][#6;!$(C=[O,N,S])]),$([#7]([#6;!$(C=[O,N,S])])[#6;!$(C=[O,N,S])])]",0
"[PX4;$([H2]),$([H1][#6]),$([H0]([#6])[#6])](=[OX1])[$([OX2H]),$([OX1-])]",0
"[PX4;$([H2]),$([H1][#6]),$([H0]([#6])[#6])](=[OX1])[#7X3;$([H2]),$([H1][#6;!$(C=[O,N,S])]),$([#7]([#6;!$(C=[O,N,S])])[#6;!$(C=[O,N,S])])]",0
"[PX3;$([H1]),$([H0][#6])]([$([OX2H]),$([OX1-])])[$([OX2H]),$([OX1-])]",0
"[PX3;$([H1]),$([H0][#6])]([$([OX2H]),$([OX1-])])[OX2][#6;!$(C=[O,N,S])]",0
"[PX3;$([H1]),$([H0][#6])]([OX2][#6;!$(C=[O,N,S])])[OX2][#6;!$(C=[O,N,S])]",0
"[PX3;$([H1]),$([H0][#6])]([$([OX2H]),$([OX1-])])[#7X3;$([H2]),$([H1][#6;!$(C=[O,N,S])]),$([#7]([#6;!$(C=[O,N,S])])[#6;!$(C=[O,N,S])])]",0
"[PX3;$([H1]),$([H0][#6])]([#7X3;$([H2]),$([H1][#6;!$(C=[O,N,S])]),$([#7]([#6;!$(C=[O,N,S])])[#6;!$(C=[O,N,S])])])[#7X3;$([H2]),$([H1][#6;!$(C=[O,N,S])]),$([#7]([#6;!$(C=[O,N,S])])[#6;!$(C=[O,N,S])])]",0
"[PX3;$([H1]),$([H0][#6])]([OX2][#6;!$(C=[O,N,S])])[#7X3;$([H2]),$([H1][#6;!$(C=[O,N,S])]),$([#7]([#6;!$(C=[O,N,S])])[#6;!$(C=[O,N,S])])]",0
"[PX3;$([D2]),$([D3][#6])]([!#6])[!#6]",0
"[PX3;$([H2]),$([H1][#6]),$([H0]([#6])[#6])][$([OX2H]),$([OX1-])]",0
"[PX3;$([H2]),$([H1][#6]),$([H0]([#6])[#6])][OX2][#6;!$(C=[O,N,S])]",0
"[PX3;$([H2]),$([H1][#6]),$([H0]([#6])[#6])][#7X3;$([H2]),$([H1][#6;!$(C=[O,N,S])]),$([#7]([#6;!$(C=[O,N,S])])[#6;!$(C=[O,N,S])])]",0
"[PX3;$([H2]),$([H1][#6]),$([H0]([#6])[#6])][!#6]",0
"[SiX4;$([H1]([#6])([#6])[#6]),$([H2]([#6])[#6]),$([H3][#6]),$([H4])]",0
"[SiX4]([FX1,ClX1,BrX1,IX1])([#6])([#6])[#6]",0
[SiX4]([!#6])([!#6])([#6])[#6],0
[SiX4]([!#6])([!#6])([!#6])[#6],0
[SiX4]([!#6])([!#6])([!#6])[!#6],0
[BX3]([#6])([#6])[#6],0
[BX3]([!#6])([!#6])[!#6],0
[BX3]([!#6])([!#6])[!#6],0
"[BH1,BH2,BH3,BH4]",0
[BX4],0
[NX3H1r3]1[#6r3][#6r3]1,0
"[OX2;$([r5]1@[C@@](!@[OX2,NX3,SX2,FX1,ClX1,BrX1,IX1])@C@C@C1),$([r6]1@[C@@](!@[OX2,NX3,SX2,FX1,ClX1,BrX1,IX1])@C@C@C@C1)]",0
"[OX2;$([r5]1@[C@](!@[OX2,NX3,SX2,FX1,ClX1,BrX1,IX1])@C@C@C1),$([r6]1@[C@](!@[OX2,NX3,SX2,FX1,ClX1,BrX1,IX1])@C@C@C@C1)]",0
*/[D2]=[D2]\*,0
*/[D2]=[D2]/*,0
"[F,Cl,Br,I;!$([X1]);!$([X0-])]",0
"([-1,-2,-3,-4,-5,-6,-7]).([+1,+2,+3,+4,+5,+6,+7])",0
[CX3](=[OX1])[NX2]=[NX2][CX3](=[OX1]),0
